{
  "ks": [
    2,
    3,
    4,
    5,
    6,
    7,
    8,
    9,
    10,
    11,
    12
  ],
  "inertias": [
    1184525.0300847492,
    1086296.000019832,
    1018733.8551373973,
    967161.962144827,
    925684.6643138265,
    877379.0598916772,
    841160.6948109871,
    807845.3040554861,
    772746.665743179,
    749825.6323352625,
    735293.3068803616
  ],
  "silhouettes": [
    0.1831480870975012,
    0.19689362711236072,
    0.10598970950601964,
    0.10525826964883872,
    0.1336736166285209,
    0.12194284028870828,
    0.1169924262750524,
    0.11470005085113628,
    0.12093942847276634,
    0.12236868870563716,
    0.10627974028529413
  ],
  "best_k_silhouette": 3
}